event,arm,time_to_dwell_s,pos_err_max_mm,pos_err_mean_mm,ori_err_max_deg,ori_err_mean_deg,pos_err_max_settled_mm,ori_err_max_settled_deg,n_window_samples,sample_rate_hz,n_tf_fail,peak_effort_nm,pos_tol_mm,ori_tol_deg,dwell_s,instrument_ok
success,arm_1,42.353,3.863,1.738,0.669,0.615,1.796,0.6,41,20.02,0,"{""t1_a1_joint_6"": 0.616, ""t1_a1_joint_5"": 1.145, ""t1_a1_joint_1"": 1.436, ""t1_a2_joint_2"": 1.809, ""t1_a2_joint_3"": 0.474, ""t1_a2_joint_4"": 0.206, ""t1_a1_joint_3"": 5.224, ""t1_a1_joint_2"": 5.68, ""t1_a2_joint_6"": 0.203, ""t1_a2_joint_5"": 0.186, ""t1_a2_joint_1"": 0.605, ""t1_a1_joint_4"": 1.008}",5.0,5.0,2.0,True
success,arm_2,93.319,2.814,1.074,1.378,1.271,1.172,1.261,41,20.01,0,"{""t1_a1_joint_6"": 0.616, ""t1_a1_joint_5"": 1.145, ""t1_a1_joint_1"": 1.436, ""t1_a2_joint_2"": 10.948, ""t1_a2_joint_3"": 3.464, ""t1_a2_joint_4"": 0.762, ""t1_a1_joint_3"": 5.224, ""t1_a1_joint_2"": 5.68, ""t1_a2_joint_6"": 0.419, ""t1_a2_joint_5"": 0.629, ""t1_a2_joint_1"": 1.292, ""t1_a1_joint_4"": 1.008}",5.0,5.0,2.0,True
success,arm_1,42.671,4.152,1.485,2.507,1.666,1.345,1.697,41,20.01,0,"{""t1_a1_joint_6"": 0.596, ""t1_a1_joint_5"": 1.122, ""t1_a1_joint_1"": 1.32, ""t1_a2_joint_2"": 0.252, ""t1_a2_joint_3"": 0.412, ""t1_a2_joint_4"": 0.27, ""t1_a1_joint_3"": 4.653, ""t1_a1_joint_2"": 8.2, ""t1_a2_joint_6"": 0.05, ""t1_a2_joint_5"": 0.166, ""t1_a2_joint_1"": 0.302, ""t1_a1_joint_4"": 1.078}",5.0,5.0,2.0,True
success,arm_2,93.627,2.997,1.335,2.722,2.065,1.109,2.035,41,20.0,0,"{""t1_a1_joint_6"": 0.596, ""t1_a1_joint_5"": 1.122, ""t1_a1_joint_1"": 1.32, ""t1_a2_joint_2"": 4.1, ""t1_a2_joint_3"": 5.457, ""t1_a2_joint_4"": 1.085, ""t1_a1_joint_3"": 4.653, ""t1_a1_joint_2"": 8.2, ""t1_a2_joint_6"": 0.356, ""t1_a2_joint_5"": 1.042, ""t1_a2_joint_1"": 1.217, ""t1_a1_joint_4"": 1.078}",5.0,5.0,2.0,True
success,arm_1,46.403,2.871,1.666,1.924,1.465,1.66,1.48,42,20.02,0,"{""t1_a1_joint_6"": 0.586, ""t1_a1_joint_5"": 0.772, ""t1_a1_joint_1"": 1.519, ""t1_a2_joint_2"": 0.435, ""t1_a2_joint_3"": 0.357, ""t1_a2_joint_4"": 0.037, ""t1_a1_joint_3"": 3.526, ""t1_a1_joint_2"": 3.55, ""t1_a2_joint_6"": 0.123, ""t1_a2_joint_5"": 0.193, ""t1_a2_joint_1"": 0.351, ""t1_a1_joint_4"": 0.998}",5.0,5.0,2.0,True
success,arm_2,90.97,2.989,1.259,1.035,0.858,1.049,0.852,41,20.01,0,"{""t1_a1_joint_6"": 0.586, ""t1_a1_joint_5"": 0.772, ""t1_a1_joint_1"": 1.519, ""t1_a2_joint_2"": 9.07, ""t1_a2_joint_3"": 1.43, ""t1_a2_joint_4"": 0.403, ""t1_a1_joint_3"": 3.526, ""t1_a1_joint_2"": 3.55, ""t1_a2_joint_6"": 0.429, ""t1_a2_joint_5"": 0.429, ""t1_a2_joint_1"": 1.54, ""t1_a1_joint_4"": 0.998}",5.0,5.0,2.0,True
success,arm_1,49.417,2.635,1.894,1.599,1.425,1.892,1.464,42,20.01,0,"{""t1_a1_joint_6"": 0.556, ""t1_a1_joint_5"": 0.765, ""t1_a1_joint_1"": 1.285, ""t1_a2_joint_2"": 0.481, ""t1_a2_joint_3"": 0.357, ""t1_a2_joint_4"": 0.083, ""t1_a1_joint_3"": 4.028, ""t1_a1_joint_2"": 12.276, ""t1_a2_joint_6"": 0.057, ""t1_a2_joint_5"": 0.19, ""t1_a2_joint_1"": 0.364, ""t1_a1_joint_4"": 1.068}",5.0,5.0,2.0,True
success,arm_2,80.28,3.797,1.282,1.968,1.868,1.043,1.844,41,20.01,0,"{""t1_a1_joint_6"": 0.556, ""t1_a1_joint_5"": 0.765, ""t1_a1_joint_1"": 1.285, ""t1_a2_joint_2"": 3.939, ""t1_a2_joint_3"": 4.921, ""t1_a2_joint_4"": 0.995, ""t1_a1_joint_3"": 4.028, ""t1_a1_joint_2"": 12.276, ""t1_a2_joint_6"": 0.466, ""t1_a2_joint_5"": 0.659, ""t1_a2_joint_1"": 1.327, ""t1_a1_joint_4"": 1.068}",5.0,5.0,2.0,True
success,arm_1,30.466,3.007,2.336,2.331,2.247,2.547,2.286,41,20.02,0,"{""t1_a1_joint_6"": 0.596, ""t1_a1_joint_5"": 0.589, ""t1_a1_joint_1"": 1.327, ""t1_a2_joint_2"": 0.389, ""t1_a2_joint_3"": 0.351, ""t1_a2_joint_4"": 0.3, ""t1_a1_joint_3"": 1.952, ""t1_a1_joint_2"": 12.986, ""t1_a2_joint_6"": 0.027, ""t1_a2_joint_5"": 0.133, ""t1_a2_joint_1"": 0.261, ""t1_a1_joint_4"": 0.529}",5.0,5.0,2.0,True
success,arm_2,69.729,2.429,0.886,2.05,1.613,0.754,1.573,41,20.01,0,"{""t1_a1_joint_6"": 0.596, ""t1_a1_joint_5"": 0.589, ""t1_a1_joint_1"": 1.327, ""t1_a2_joint_2"": 3.252, ""t1_a2_joint_3"": 5.464, ""t1_a2_joint_4"": 1.155, ""t1_a1_joint_3"": 1.952, ""t1_a1_joint_2"": 12.986, ""t1_a2_joint_6"": 0.409, ""t1_a2_joint_5"": 1.008, ""t1_a2_joint_1"": 1.354, ""t1_a1_joint_4"": 0.529}",5.0,5.0,2.0,True
success,arm_1,50.303,3.923,1.941,1.753,1.735,1.83,1.742,41,20.02,0,"{""t1_a1_joint_6"": 0.552, ""t1_a1_joint_5"": 0.493, ""t1_a1_joint_1"": 1.45, ""t1_a2_joint_2"": 0.458, ""t1_a2_joint_3"": 0.378, ""t1_a2_joint_4"": 0.08, ""t1_a1_joint_3"": 2.199, ""t1_a1_joint_2"": 8.612, ""t1_a2_joint_6"": 0.02, ""t1_a2_joint_5"": 0.253, ""t1_a2_joint_1"": 0.151, ""t1_a1_joint_4"": 0.682}",5.0,5.0,2.0,True
success,arm_2,69.969,3.649,1.147,1.913,1.857,1.022,1.851,42,20.01,0,"{""t1_a1_joint_6"": 0.552, ""t1_a1_joint_5"": 0.493, ""t1_a1_joint_1"": 1.45, ""t1_a2_joint_2"": 7.512, ""t1_a2_joint_3"": 3.457, ""t1_a2_joint_4"": 0.426, ""t1_a1_joint_3"": 2.199, ""t1_a1_joint_2"": 8.612, ""t1_a2_joint_6"": 0.526, ""t1_a2_joint_5"": 0.539, ""t1_a2_joint_1"": 1.368, ""t1_a1_joint_4"": 0.682}",5.0,5.0,2.0,True
success,arm_1,43.321,4.432,2.03,1.655,1.396,1.836,1.38,41,20.01,0,"{""t1_a1_joint_6"": 0.636, ""t1_a1_joint_5"": 0.506, ""t1_a1_joint_1"": 1.416, ""t1_a2_joint_2"": 0.366, ""t1_a2_joint_3"": 0.316, ""t1_a2_joint_4"": 0.183, ""t1_a1_joint_3"": 2.227, ""t1_a1_joint_2"": 7.971, ""t1_a2_joint_6"": 0.05, ""t1_a2_joint_5"": 0.176, ""t1_a2_joint_1"": 0.247, ""t1_a1_joint_4"": 0.682}",5.0,5.0,2.0,True
success,arm_2,72.877,2.789,1.277,2.162,2.127,1.363,2.131,41,20.01,0,"{""t1_a1_joint_6"": 0.636, ""t1_a1_joint_5"": 0.506, ""t1_a1_joint_1"": 1.416, ""t1_a2_joint_2"": 12.276, ""t1_a2_joint_3"": 2.488, ""t1_a2_joint_4"": 0.323, ""t1_a1_joint_3"": 2.227, ""t1_a1_joint_2"": 7.971, ""t1_a2_joint_6"": 0.429, ""t1_a2_joint_5"": 0.386, ""t1_a2_joint_1"": 1.23, ""t1_a1_joint_4"": 0.682}",5.0,5.0,2.0,True
success,arm_1,37.418,3.963,1.65,1.811,1.803,1.707,1.801,41,20.02,0,"{""t1_a1_joint_6"": 0.659, ""t1_a1_joint_5"": 0.486, ""t1_a1_joint_1"": 1.299, ""t1_a2_joint_2"": 0.412, ""t1_a2_joint_3"": 0.337, ""t1_a2_joint_4"": 0.033, ""t1_a1_joint_3"": 3.327, ""t1_a1_joint_2"": 4.466, ""t1_a2_joint_6"": 0.063, ""t1_a2_joint_5"": 0.156, ""t1_a2_joint_1"": 0.137, ""t1_a1_joint_4"": 0.483}",5.0,5.0,2.0,True
success,arm_2,69.878,2.021,0.741,2.094,2.046,0.724,2.011,41,20.01,0,"{""t1_a1_joint_6"": 0.659, ""t1_a1_joint_5"": 0.486, ""t1_a1_joint_1"": 1.299, ""t1_a2_joint_2"": 12.757, ""t1_a2_joint_3"": 2.041, ""t1_a2_joint_4"": 0.369, ""t1_a1_joint_3"": 3.327, ""t1_a1_joint_2"": 4.466, ""t1_a2_joint_6"": 0.433, ""t1_a2_joint_5"": 0.356, ""t1_a2_joint_1"": 1.485, ""t1_a1_joint_4"": 0.483}",5.0,5.0,2.0,True
success,arm_1,28.455,3.12,2.07,1.824,1.802,1.875,1.786,41,20.03,0,"{""t1_a1_joint_6"": 0.622, ""t1_a1_joint_5"": 0.572, ""t1_a1_joint_1"": 1.21, ""t1_a2_joint_2"": 0.389, ""t1_a2_joint_3"": 0.337, ""t1_a2_joint_4"": 0.283, ""t1_a1_joint_3"": 1.973, ""t1_a1_joint_2"": 12.735, ""t1_a2_joint_6"": 0.143, ""t1_a2_joint_5"": 0.196, ""t1_a2_joint_1"": 0.296, ""t1_a1_joint_4"": 0.552}",5.0,5.0,2.0,True
success,arm_2,57.067,4.777,0.923,2.001,1.963,0.761,2.001,41,20.01,0,"{""t1_a1_joint_6"": 0.622, ""t1_a1_joint_5"": 0.572, ""t1_a1_joint_1"": 1.21, ""t1_a2_joint_2"": 9.413, ""t1_a2_joint_3"": 3.547, ""t1_a2_joint_4"": 0.562, ""t1_a1_joint_3"": 1.973, ""t1_a1_joint_2"": 12.735, ""t1_a2_joint_6"": 0.349, ""t1_a2_joint_5"": 0.419, ""t1_a2_joint_1"": 1.471, ""t1_a1_joint_4"": 0.552}",5.0,5.0,2.0,True
success,arm_1,43.343,3.062,1.363,1.99,1.778,1.28,1.779,41,20.0,0,"{""t1_a1_joint_6"": 0.629, ""t1_a1_joint_5"": 0.929, ""t1_a1_joint_1"": 1.416, ""t1_a2_joint_2"": 0.458, ""t1_a2_joint_3"": 0.371, ""t1_a2_joint_4"": 0.25, ""t1_a1_joint_3"": 5.368, ""t1_a1_joint_2"": 3.413, ""t1_a2_joint_6"": 0.057, ""t1_a2_joint_5"": 0.166, ""t1_a2_joint_1"": 0.179, ""t1_a1_joint_4"": 1.145}",5.0,5.0,2.0,True
success,arm_2,73.609,4.026,1.236,1.159,1.086,1.331,1.089,41,20.01,0,"{""t1_a1_joint_6"": 0.629, ""t1_a1_joint_5"": 0.929, ""t1_a1_joint_1"": 1.416, ""t1_a2_joint_2"": 9.551, ""t1_a2_joint_3"": 3.313, ""t1_a2_joint_4"": 0.609, ""t1_a1_joint_3"": 5.368, ""t1_a1_joint_2"": 3.413, ""t1_a2_joint_6"": 0.639, ""t1_a2_joint_5"": 0.473, ""t1_a2_joint_1"": 1.464, ""t1_a1_joint_4"": 1.145}",5.0,5.0,2.0,True
success,arm_1,42.027,2.737,0.977,1.164,1.016,1.048,1.018,41,20.01,0,"{""t1_a1_joint_6"": 0.679, ""t1_a1_joint_5"": 0.995, ""t1_a1_joint_1"": 1.43, ""t1_a2_joint_2"": 0.275, ""t1_a2_joint_3"": 0.426, ""t1_a2_joint_4"": 0.313, ""t1_a1_joint_3"": 4.612, ""t1_a1_joint_2"": 8.314, ""t1_a2_joint_6"": 0.067, ""t1_a2_joint_5"": 0.146, ""t1_a2_joint_1"": 0.096, ""t1_a1_joint_4"": 1.035}",5.0,5.0,2.0,True
success,arm_2,73.338,4.684,1.572,1.941,1.833,1.258,1.85,42,20.0,0,"{""t1_a1_joint_6"": 0.679, ""t1_a1_joint_5"": 0.995, ""t1_a1_joint_1"": 1.43, ""t1_a2_joint_2"": 3.917, ""t1_a2_joint_3"": 5.56, ""t1_a2_joint_4"": 0.689, ""t1_a1_joint_3"": 4.612, ""t1_a1_joint_2"": 8.314, ""t1_a2_joint_6"": 0.356, ""t1_a2_joint_5"": 0.393, ""t1_a2_joint_1"": 1.23, ""t1_a1_joint_4"": 1.035}",5.0,5.0,2.0,True
